INSERT INTO "TRAINING_TYPES" ("trainingTypeId", "name")
VALUES
("1", 'WEIGHT'),
("2", 'FLEXIBILITY'),
("3", 'BALANCE'),
("4", 'CIRCUIT'),
("5", 'INTERVAL'),
("6", 'CARDIO'),
("7", 'AEROBIC'),
("8", 'PLYOMETRICS');

INSERT INTO "TRAINEES" ("userId","firstName","lastName","username","password","address","birthdate","active")
VALUES
('1','Peggie','Barthelemy','Peggie.Barthelemy','rD4=ob.G8','666 Dunning Pass','1953-08-14',FALSE),
('2','Marne','Nuton','Marne.Nuton','fH0}|~n9qf,os#r','7 Glendale Street','2005-01-18',FALSE),
('3','Jon','Sandwith','Jon.Sandwith','qY9``}ca*.}y','9 Manitowish Drive','2002-03-23',FALSE),
('4','Olga','Barley','Olga.Barley','kE8#''mDRpB!','22 Oakridge Pass','1998-09-27',TRUE),
('5','Thaxter','Randalston','Thaxter.Randalston','lD4(|DIS','41 Longview Drive','2006-12-13',TRUE),
('6','Mina','Stenner','Mina.Stenner','aL0!Y`}TwE&,KrQ','8699 Holmberg Trail','1954-05-03',FALSE),
('7','Woodman','Mallinson','Woodman.Mallinson','mK3/RDqAB%1Zz6%','133 Algoma Terrace','2006-11-06',FALSE),
('8','Binky','Bulman','Binky.Bulman','tD2@(f>''scEB`0!k','2 David Drive','2009-06-23',TRUE),
('9','Andreana','Davidzon','Andreana.Davidzon','jM8@}4|)G>3','5137 Nelson Place','2012-03-07',FALSE),
('10','Lenard','Pedgrift','Lenard.Pedgrift','tE5_y2UK','50860 Birchwood Junction','1958-05-13',TRUE),
('11','Cobby','Castagneri','Cobby.Castagneri','eM8~m"6L8{jX(\$V','2271 Pawling Center','1991-07-14',FALSE),
('12','Kate','Margrie','Kate.Margrie','aR3(r&Egt+D','34701 Warrior Avenue','1990-09-28',TRUE),
('13','Ronny','Addionizio','Ronny.Addionizio','qW4"/9(!e.Giq','15 Commercial Court','1980-01-19',FALSE),
('14','Barr','Mordin','Barr.Mordin','rP2<SVKn%uf','44 Hoepker Circle','2005-06-06',TRUE),
('15','Tull','Burkert','Tull.Burkert','dN1>7Q)pjSiG','15292 Independence Place','1969-08-31',TRUE),
('16','Beverly','Bockin','Beverly.Bockin','qW1.H)|0R3Y','01480 Tony Point','1980-04-14',TRUE),
('17','Nial','Parry','Nial.Parry','kY5!+3axd','554 Autumn Leaf Road','1988-09-13',TRUE),
('18','Cirillo','Gouldthorp','Cirillo.Gouldthorp','sS5.k&+U','8868 Del Sol Lane','2013-03-13',FALSE),
('19','Zsa zsa','Stubbeley','Zsa zsa.Stubbeley','sJ9,3{Ffd,O?','75048 Bartelt Street','1956-10-30',TRUE),
('20','Montague','Danielou','Montague.Danielou','qQ7>vuz+Ngj?','4741 Harbort Center','1992-09-21',TRUE),
('21','Abbie','Bernocchi','Abbie.Bernocchi','sP1%ECtm(0}dO`}F','8 Harbort Road','1963-02-07',TRUE),
('22','Wilbur','Casaccio','Wilbur.Casaccio','dQ9(os,j87l','7 Everett Street','1996-01-13',TRUE),
('23','Adrianne','Wray','Adrianne.Wray','wQ5''pek.dsA1l','9774 Jenna Pass','1957-02-13',TRUE),
('24','Karel','Younghusband','Karel.Younghusband','qT6!Z9!VHF','98 Farwell Way','1986-02-13',FALSE),
('25','Maynard','Everix','Maynard.Everix','tM3,`WO@gv*lZ','3148 Pine View Drive','2007-08-09',FALSE);

INSERT INTO "TRAINERS" ("userId","firstName","lastName","username","specialization","active")
VALUES
('1','Brady','Verick','Brady.Verick','CARDIO',FALSE),
('2','Stafford','Cicco','Stafford.Cicco','CARDIO',TRUE),
('3','Nobie','Linney','Nobie.Linney','INTERVAL',FALSE),
('4','Prue','Nawton','Prue.Nawton','CIRCUIT',TRUE),
('5','Caryl','Shory','Caryl.Shory','CARDIO',TRUE),
('6','Rora','Loffhead','Rora.Loffhead','WEIGHT',TRUE),
('7','Nat','Halpeine','Nat.Halpeine','PLYOMETRICS',FALSE),
('8','Faunie','Hauck','Faunie.Hauck','CIRCUIT',FALSE);

INSERT INTO "TRAININGS" ("traineeId","trainerId","name","type","date","duration")
VALUES
('1','2','at turpis a','AEROBIC','2026-01-07',27),
('11','1','vel dapibus at diam','CIRCUIT','2025-05-16',53),
('17','6','potenti cras in','WEIGHT','2024-12-18',57),
('5','5','aliquam non mauris','CIRCUIT','2025-03-25',2),
('10','1','donec dapibus duis at','INTERVAL','2025-05-03',41),
('3','6','ridiculus mus etiam','CIRCUIT','2025-09-17',6),
('4','7','duis consequat dui nec','FLEXIBILITY','2025-12-28',22),
('25','4','nulla dapibus dolor vel','PLYOMETRICS','2025-11-09',59),
('6','3','ut nulla sed','AEROBIC','2024-04-14',2),
('22','3','faucibus orci luctus et','BALANCE','2024-10-24',51),
('19','8','mi sit amet','BALANCE','2025-01-19',3),
('25','1','volutpat erat quisque erat','WEIGHT','2025-07-13',53),
('4','8','justo pellentesque viverra','PLYOMETRICS','2025-09-01',10),
('17','6','ut mauris eget','INTERVAL','2025-07-08',18),
('17','8','orci vehicula condimentum','CARDIO','2025-01-26',3),
('12','3','venenatis lacinia aenean','INTERVAL','2025-10-28',47),
('11','4','massa id nisl','PLYOMETRICS','2025-01-13',15),
('20','1','adipiscing lorem vitae','CARDIO','2025-09-23',38),
('11','8','ut erat id mauris','PLYOMETRICS','2024-04-10',59),
('18','6','porttitor id consequat in','PLYOMETRICS','2025-12-06',53),
('9','6','at vulputate vitae nisl','BALANCE','2024-12-16',42),
('15','6','cras non velit','INTERVAL','2024-05-20',21),
('5','6','luctus cum sociis natoque','BALANCE','2024-12-11',45),
('5','7','aenean lectus pellentesque eget','CIRCUIT','2024-10-13',29),
('19','8','morbi odio odio','BALANCE','2025-11-10',38),
('6','7','aliquet maecenas leo','FLEXIBILITY','2025-06-29',14),
('25','6','faucibus orci luctus','CIRCUIT','2025-06-22',40),
('3','7','tincidunt in leo maecenas','AEROBIC','2024-03-31',14),
('2','2','mattis pulvinar nulla pede','FLEXIBILITY','2024-05-24',7),
('22','2','dolor sit amet','CARDIO','2024-04-06',31),
('18','6','ultrices aliquet maecenas','WEIGHT','2024-12-08',54),
('2','6','in blandit ultrices','AEROBIC','2024-06-06',11),
('24','2','dui vel nisl duis','INTERVAL','2025-03-01',50),
('9','1','elementum pellentesque quisque','PLYOMETRICS','2024-11-07',8),
('2','4','sed accumsan felis','CARDIO','2024-04-07',41),
('5','5','in lacus curabitur','FLEXIBILITY','2024-07-09',15),
('21','4','ut erat curabitur gravida','WEIGHT','2025-08-19',54),
('7','6','in libero ut','CARDIO','2025-12-09',17),
('8','8','sed vestibulum sit','WEIGHT','2025-09-13',25),
('18','4','urna ut tellus nulla','BALANCE','2025-04-28',43),
('1','1','erat nulla tempus vivamus','INTERVAL','2024-12-11',42),
('9','4','ultrices posuere cubilia curae','PLYOMETRICS','2025-01-15',53),
('4','8','tortor duis mattis','PLYOMETRICS','2026-03-10',17),
('24','7','nisl ut volutpat','BALANCE','2024-04-25',13),
('15','2','orci pede venenatis non','FLEXIBILITY','2026-03-16',8),
('8','1','ultrices posuere cubilia','PLYOMETRICS','2024-05-26',8),
('10','3','odio cras mi pede','PLYOMETRICS','2025-06-07',3),
('6','2','gravida sem praesent','BALANCE','2024-06-28',15),
('11','2','nunc proin at turpis','CIRCUIT','2026-03-25',51),
('1','4','rhoncus aliquam lacus','CARDIO','2025-03-07',23);
