INSERT INTO "TRAINING_TYPES" ("TRAINING_TYPE_ID", "NAME")
VALUES
(1, 'WEIGHT'),
(2, 'FLEXIBILITY'),
(3, 'BALANCE'),
(4, 'CIRCUIT'),
(5, 'INTERVAL'),
(6, 'CARDIO'),
(7, 'AEROBIC'),
(8, 'PLYOMETRICS');

INSERT INTO "USERS" ("USER_ID","FIRST_NAME","LAST_NAME","USERNAME","PASSWORD","IS_ACTIVE")
VALUES
('1','Peggie','Barthelemy','Peggie.Barthelemy','rD4=ob.G8','FALSE'),
('2','Marne','Nuton','Marne.Nuton','fH0}|~n9qf,os#r','FALSE'),
('3','Jon','Sandwith','Jon.Sandwith','qY9``}ca*.}y','FALSE'),
('4','Olga','Barley','Olga.Barley','kE8#''mDRpB!','TRUE'),
('5','Thaxter','Randalston','Thaxter.Randalston','lD4(|DIS','TRUE'),
('6','Mina','Stenner','Mina.Stenner','aL0!Y`}TwE&,KrQ','FALSE'),
('7','Woodman','Mallinson','Woodman.Mallinson','mK3/RDqAB%1Zz6%','FALSE'),
('8','Binky','Bulman','Binky.Bulman','tD2@(f>''scEB`0!k','TRUE'),
('9','Andreana','Davidzon','Andreana.Davidzon','jM8@}4|)G>3','FALSE'),
('10','Lenard','Pedgrift','Lenard.Pedgrift','tE5_y2UK','TRUE'),
('11','Cobby','Castagneri','Cobby.Castagneri','eM8~m"6L8{jX(\$V','FALSE'),
('12','Kate','Margrie','Kate.Margrie','aR3(r&Egt+D','TRUE'),
('13','Ronny','Addionizio','Ronny.Addionizio','qW4"/9(!e.Giq','FALSE'),
('14','Barr','Mordin','Barr.Mordin','rP2<SVKn%uf','TRUE'),
('15','Tull','Burkert','Tull.Burkert','dN1>7Q)pjSiG','TRUE'),
('16','Beverly','Bockin','Beverly.Bockin','qW1.H)|0R3Y','TRUE'),
('17','Nial','Parry','Nial.Parry','kY5!+3axd','TRUE'),
('18','Cirillo','Gouldthorp','Cirillo.Gouldthorp','sS5.k&+U','FALSE'),
('19','Zsa zsa','Stubbeley','Zsa zsa.Stubbeley','sJ9,3{Ffd,O?','TRUE'),
('20','Montague','Danielou','Montague.Danielou','qQ7>vuz+Ngj?','TRUE'),
('21','Abbie','Bernocchi','Abbie.Bernocchi','sP1%ECtm(0}dO`}F','TRUE'),
('22','Wilbur','Casaccio','Wilbur.Casaccio','dQ9(os,j87l','TRUE'),
('23','Adrianne','Wray','Adrianne.Wray','wQ5''pek.dsA1l','TRUE'),
('24','Karel','Younghusband','Karel.Younghusband','qT6!Z9!VHF','FALSE'),
('25','Maynard','Everix','Maynard.Everix','tM3,`WO@gv*lZ','FALSE');

INSERT INTO "TRAINEES" ("USER_ID","ADDRESS","BIRTHDATE")
VALUES
('1','666 Dunning Pass','1953-08-14'),
('2','7 Glendale Street','2005-01-18'),
('3','9 Manitowish Drive','2002-03-23'),
('4','22 Oakridge Pass','1998-09-27'),
('5','41 Longview Drive','2006-12-13'),
('6','8699 Holmberg Trail','1954-05-03'),
('7','133 Algoma Terrace','2006-11-06'),
('8','2 David Drive','2009-06-23'),
('9','5137 Nelson Place','2012-03-07'),
('10','50860 Birchwood Junction','1958-05-13'),
('11','2271 Pawling Center','1991-07-14'),
('12','34701 Warrior Avenue','1990-09-28'),
('13','15 Commercial Court','1980-01-19'),
('14','44 Hoepker Circle','2005-06-06'),
('15','15292 Independence Place','1969-08-31'),
('16','01480 Tony Point','1980-04-14'),
('17','554 Autumn Leaf Road','1988-09-13'),
('18','8868 Del Sol Lane','2013-03-13'),
('19','75048 Bartelt Street','1956-10-30'),
('20','4741 Harbort Center','1992-09-21'),
('21','8 Harbort Road','1963-02-07'),
('22','7 Everett Street','1996-01-13'),
('23','9774 Jenna Pass','1957-02-13'),
('24','98 Farwell Way','1986-02-13'),
('25','3148 Pine View Drive','2007-08-09');


INSERT INTO "USERS" ("USER_ID","FIRST_NAME","LAST_NAME","USERNAME", "PASSWORD","IS_ACTIVE")
VALUES
('26','Brady','Verick','Brady.Verick','password','FALSE'),
('27','Stafford','Cicco','Stafford.Cicco','password','TRUE'),
('28','Nobie','Linney','Nobie.Linney','password','FALSE'),
('29','Prue','Nawton','Prue.Nawton','password','TRUE'),
('30','Caryl','Shory','Caryl.Shory','password','TRUE'),
('31','Rora','Loffhead','Rora.Loffhead','password','TRUE'),
('32','Nat','Halpeine','Nat.Halpeine','password','FALSE'),
('33','Faunie','Hauck','Faunie.Hauck','password','FALSE');

INSERT INTO "TRAINERS" ("USER_ID","SPECIALIZATION")
VALUES
('26', 6),
('27', 6),
('28', 5),
('29', 4),
('30', 6),
('31', 1),
('32', 8),
('33', 4);

INSERT INTO "TRAININGS" ("TRAINING_ID", "TRAINEE_ID","TRAINER_ID","NAME","TYPE","DATE","DURATION")
VALUES
('1', '1','27','at turpis a',7,'2026-01-07',27),
('2', '11','26','vel dapibus at diam',4,'2025-05-16',53),
('3', '17','31','potenti cras in',1,'2024-12-18',57),
('4', '5','30','aliquam non mauris',4,'2025-03-25',2),
('5', '10','26','donec dapibus duis at',5,'2025-05-03',41),
('6', '3','31','ridiculus mus etiam',4,'2025-09-17',6),
('7', '4','32','duis consequat dui nec',2,'2025-12-28',22),
('8', '25','29','nulla dapibus dolor vel',8,'2025-11-09',59),
('9', '6','28','ut nulla sed',7,'2024-04-14',2),
('10', '22','28','faucibus orci luctus et',3,'2024-10-24',51),
('11', '19','33','mi sit amet',3,'2025-01-19',3),
('12', '25','26','volutpat erat quisque erat',1,'2025-07-13',53),
('13', '4','33','justo pellentesque viverra',8,'2025-09-01',10),
('14', '17','31','ut mauris eget',5,'2025-07-08',18),
('15', '17','33','orci vehicula condimentum',6,'2025-01-26',3),
('16', '12','28','venenatis lacinia aenean',5,'2025-10-28',47),
('17', '11','29','massa id nisl',8,'2025-01-13',15),
('18', '20','26','adipiscing lorem vitae',6,'2025-09-23',38),
('19', '11','33','ut erat id mauris',8,'2024-04-10',59),
('20', '18','31','porttitor id consequat in',8,'2025-12-06',53),
('21', '9','31','at vulputate vitae nisl',3,'2024-12-16',42),
('22', '15','31','cras non velit',5,'2024-05-20',21),
('23', '5','31','luctus cum sociis natoque',3,'2024-12-11',45),
('24', '5','32','aenean lectus pellentesque eget',4,'2024-10-13',29),
('25', '19','33','morbi odio odio',3,'2025-11-10',38),
('26', '6','32','aliquet maecenas leo',2,'2025-06-29',14),
('27', '25','31','faucibus orci luctus',4,'2025-06-22',40),
('28', '3','32','tincidunt in leo maecenas',7,'2024-03-31',14),
('29', '2','27','mattis pulvinar nulla pede',2,'2024-05-24',7),
('30', '22','27','dolor sit amet',6,'2024-04-06',31),
('31', '18','31','ultrices aliquet maecenas',1,'2024-12-08',54),
('32', '2','31','in blandit ultrices',7,'2024-06-06',11),
('33', '24','27','dui vel nisl duis',5,'2025-03-01',50),
('34', '9','26','elementum pellentesque quisque',8,'2024-11-07',8),
('35', '2','29','sed accumsan felis',6,'2024-04-07',41),
('36', '5','30','in lacus curabitur',2,'2024-07-09',15),
('37', '21','29','ut erat curabitur gravida',1,'2025-08-19',54),
('38', '7','31','in libero ut',6,'2025-12-09',17),
('39', '8','33','sed vestibulum sit',1,'2025-09-13',25),
('40', '18','29','urna ut tellus nulla',3,'2025-04-28',43),
('41', '1','26','erat nulla tempus vivamus',5,'2024-12-11',42),
('42', '9','29','ultrices posuere cubilia curae',8,'2025-01-15',53),
('43', '4','33','tortor duis mattis',8,'2026-03-10',17),
('44', '24','32','nisl ut volutpat',3,'2024-04-25',13),
('45', '15','27','orci pede venenatis non',2,'2026-03-16',8),
('46', '8','26','ultrices posuere cubilia',8,'2024-05-26',8),
('47', '10','28','odio cras mi pede',8,'2025-06-07',3),
('48', '6','27','gravida sem praesent',3,'2024-06-28',15),
('49', '11','27','nunc proin at turpis',4,'2026-03-25',51),
('50', '1','29','rhoncus aliquam lacus',6,'2025-03-07',23);
